Emoji;Unicode codepoint;Negative;Neutral;Positive;Sentiment Score;unicode name
ğŸ˜‚;0x1f602;3614;4163;6845;3231;face with tears of joy
â¤;0x2764;355;1334;6361;6006;heavy black heart
â™¥;0x2665;252;1942;4950;4698;black heart suit
ğŸ˜;0x1f60d;329;1390;4640;4311;smiling face with heart-shaped eyes
ğŸ˜­;0x1f62d;2412;1218;1896;-516;loudly crying face
ğŸ˜˜;0x1f618;193;702;2753;2560;face throwing a kiss
ğŸ˜Š;0x1f60a;189;754;2243;2054;smiling face with smiling eyes
ğŸ‘Œ;0x1f44c;274;728;1923;1649;ok hand sign
ğŸ’•;0x1f495;99;683;1618;1519;two hearts
ğŸ‘;0x1f44f;243;634;1459;1216;clapping hands sign
ğŸ˜;0x1f601;278;648;1263;985;grinning face with smiling eyes
â˜º;0x263a;128;449;1485;1357;white smiling face
â™¡;0x2661;102;448;1425;1323;white heart suit
ğŸ‘;0x1f44d;213;460;1181;968;thumbs up sign
ğŸ˜©;0x1f629;1069;336;403;-666;weary face
ğŸ™;0x1f64f;124;648;767;643;person with folded hands
âœŒ;0x270c;173;476;885;712;victory hand
ğŸ˜;0x1f60f;170;676;676;506;smirking face
ğŸ˜‰;0x1f609;151;513;857;706;winking face
ğŸ™Œ;0x1f64c;152;358;996;844;person raising both hands in celebration
ğŸ™ˆ;0x1f648;238;350;868;630;see-no-evil monkey
ğŸ’ª;0x1f4aa;101;424;884;783;flexed biceps
ğŸ˜„;0x1f604;191;426;781;590;smiling face with open mouth and smiling eyes
ğŸ˜’;0x1f612;819;266;300;-519;unamused face
ğŸ’ƒ;0x1f483;59;237;1048;989;dancer
ğŸ’–;0x1f496;54;254;955;901;sparkling heart
ğŸ˜ƒ;0x1f603;86;361;759;673;smiling face with open mouth
ğŸ˜”;0x1f614;559;263;383;-176;pensive face
ğŸ˜±;0x1f631;298;319;513;215;face screaming in fear
ğŸ‰;0x1f389;43;207;875;832;party popper
ğŸ˜œ;0x1f61c;115;333;587;472;face with stuck-out tongue and winking eye
â˜¯;0x262f;5;981;6;1;yin yang
ğŸŒ¸;0x1f338;37;255;654;617;cherry blossom
ğŸ’œ;0x1f49c;41;241;657;616;purple heart
ğŸ’™;0x1f499;29;186;697;668;blue heart
âœ¨;0x2728;43;463;342;299;sparkles
ğŸ˜³;0x1f633;277;277;292;15;flushed face
ğŸ’—;0x1f497;42;201;593;551;growing heart
â˜…;0x2605;25;543;260;235;black star
â–ˆ;0x2588;71;682;45;-26;full block
â˜€;0x2600;21;377;388;367;black sun with rays
ğŸ˜¡;0x1f621;403;81;272;-131;pouting face
ğŸ˜;0x1f60e;79;224;451;372;smiling face with sunglasses
ğŸ˜¢;0x1f622;288;168;293;5;crying face
ğŸ’‹;0x1f48b;28;169;537;509;kiss mark
ğŸ˜‹;0x1f60b;33;203;498;465;face savouring delicious food
ğŸ™Š;0x1f64a;97;197;431;334;speak-no-evil monkey
ğŸ˜´;0x1f634;303;170;245;-58;sleeping face
ğŸ¶;0x1f3b6;67;189;445;378;multiple musical notes
ğŸ’;0x1f49e;27;123;537;510;revolving hearts
ğŸ˜Œ;0x1f60c;93;157;415;322;relieved face
ğŸ”¥;0x1f525;80;400;171;91;fire
ğŸ’¯;0x1f4af;179;202;256;77;hundred points symbol
ğŸ”«;0x1f52b;298;126;180;-118;pistol
ğŸ’›;0x1f49b;25;123;454;429;yellow heart
ğŸ’;0x1f481;105;159;285;180;information desk person
ğŸ’š;0x1f49a;41;101;395;354;green heart
â™«;0x266b;33;313;187;154;beamed eighth notes
ğŸ˜;0x1f61e;255;85;192;-63;disappointed face
ğŸ˜†;0x1f606;81;148;298;217;smiling face with open mouth and tightly-closed eyes
ğŸ˜;0x1f61d;65;155;276;211;face with stuck-out tongue and tightly-closed eyes
ğŸ˜ª;0x1f62a;208;105;169;-39;sleepy face
ï¿½;0xfffd;78;275;119;41;replacement character
ğŸ˜«;0x1f62b;227;81;159;-68;tired face
ğŸ˜…;0x1f605;135;109;218;83;smiling face with open mouth and cold sweat
ğŸ‘Š;0x1f44a;121;111;226;105;fisted hand sign
ğŸ’€;0x1f480;214;123;119;-95;skull
ğŸ˜€;0x1f600;37;114;288;251;grinning face
ğŸ˜š;0x1f61a;20;81;323;303;kissing face with closed eyes
ğŸ˜»;0x1f63b;28;101;288;260;smiling cat face with heart-shaped eyes
Â©;0xa9;54;259;103;49;copyright sign
ğŸ‘€;0x1f440;93;198;119;26;eyes
ğŸ’˜;0x1f498;18;87;290;272;heart with arrow
ğŸ“;0x1f413;41;291;52;11;rooster
â˜•;0x2615;53;182;147;94;hot beverage
ğŸ‘‹;0x1f44b;60;103;219;159;waving hand sign
âœ‹;0x270b;124;82;172;48;raised hand
ğŸŠ;0x1f38a;20;59;284;264;confetti ball
ğŸ•;0x1f355;19;166;167;148;slice of pizza
â„;0x2744;34;103;212;178;snowflake
ğŸ˜¥;0x1f625;108;83;150;42;disappointed but relieved face
ğŸ˜•;0x1f615;205;66;69;-136;confused face
ğŸ’¥;0x1f4a5;23;234;72;49;collision symbol
ğŸ’”;0x1f494;136;96;96;-40;broken heart
ğŸ˜¤;0x1f624;157;82;88;-69;face with look of triumph
ğŸ˜ˆ;0x1f608;66;106;153;87;smiling face with horns
â–º;0x25ba;40;192;93;53;black right-pointing pointer
âœˆ;0x2708;13;161;148;135;airplane
ğŸ”;0x1f51d;26;106;171;145;top with upwards arrow above
ğŸ˜°;0x1f630;132;44;126;-6;face with open mouth and cold sweat
âš½;0x26bd;15;83;201;186;soccer ball
ğŸ˜‘;0x1f611;154;85;60;-94;expressionless face
ğŸ‘‘;0x1f451;12;65;221;209;crown
ğŸ˜¹;0x1f639;88;77;130;42;cat face with tears of joy
ğŸ‘‰;0x1f449;20;137;135;115;white right pointing backhand index
ğŸƒ;0x1f343;29;122;140;111;leaf fluttering in wind
ğŸ;0x1f381;11;45;232;221;wrapped present
ğŸ˜ ;0x1f620;163;49;76;-87;angry face
ğŸ§;0x1f427;11;131;142;131;penguin
â˜†;0x2606;8;144;130;122;white star
ğŸ€;0x1f340;6;186;86;80;four leaf clover
ğŸˆ;0x1f388;4;68;205;201;balloon
ğŸ…;0x1f385;7;172;95;88;father christmas
ğŸ˜“;0x1f613;118;59;96;-22;face with cold sweat
ğŸ˜£;0x1f623;147;35;89;-58;persevering face
ğŸ˜;0x1f610;150;76;44;-106;neutral face
âœŠ;0x270a;37;79;154;117;raised fist
ğŸ˜¨;0x1f628;117;73;79;-38;fearful face
ğŸ˜–;0x1f616;130;50;88;-42;confounded face
ğŸ’¤;0x1f4a4;38;91;138;100;sleeping symbol
ğŸ’“;0x1f493;15;55;189;174;beating heart
ğŸ‘;0x1f44e;128;51;79;-49;thumbs down sign
ğŸ’¦;0x1f4a6;35;62;155;120;splashing sweat symbol
âœ”;0x2714;31;119;99;68;heavy check mark
ğŸ˜·;0x1f637;117;54;75;-42;face with medical mask
âš¡;0x26a1;10;182;54;44;high voltage sign
ğŸ™‹;0x1f64b;30;60;146;116;happy person raising one hand
ğŸ„;0x1f384;15;79;142;127;christmas tree
ğŸ’©;0x1f4a9;94;68;67;-27;pile of poo
ğŸµ;0x1f3b5;23;64;136;113;musical note
â¡;0x27a1;2;185;35;33;black rightwards arrow
ğŸ˜›;0x1f61b;18;50;152;134;face with stuck-out tongue
ğŸ˜¬;0x1f62c;57;58;99;42;grimacing face
ğŸ‘¯;0x1f46f;24;69;118;94;woman with bunny ears
ğŸ’;0x1f48e;11;68;130;119;gem stone
ğŸŒ¿;0x1f33f;1;125;82;81;herb
ğŸ‚;0x1f382;16;44;141;125;birthday cake
ğŸŒŸ;0x1f31f;11;111;77;66;glowing star
ğŸ”®;0x1f52e;6;133;60;54;crystal ball
â—;0x2757;31;116;51;20;heavy exclamation mark symbol
ğŸ‘«;0x1f46b;43;60;94;51;man and woman holding hands
ğŸ†;0x1f3c6;6;39;149;143;trophy
âœ–;0x2716;8;116;69;61;heavy multiplication x
â˜;0x261d;27;77;87;60;white up pointing index
ğŸ˜™;0x1f619;3;34;154;151;kissing face with smiling eyes
â›„;0x26c4;14;62;115;101;snowman without snow
ğŸ‘…;0x1f445;23;55;112;89;tongue
â™ª;0x266a;15;57;118;103;eighth note
ğŸ‚;0x1f342;6;72;111;105;fallen leaf
ğŸ’;0x1f48f;33;46;106;73;kiss
ğŸ”ª;0x1f52a;38;94;51;13;hocho
ğŸŒ´;0x1f334;13;57;108;95;palm tree
ğŸ‘ˆ;0x1f448;14;71;89;75;white left pointing backhand index
ğŸŒ¹;0x1f339;3;61;108;105;rose
ğŸ™†;0x1f646;15;54;102;87;face with ok gesture
âœ;0x279c;8;126;36;28;heavy round-tipped rightwards arrow
ğŸ‘»;0x1f47b;28;73;67;39;ghost
ğŸ’°;0x1f4b0;26;73;69;43;money bag
ğŸ»;0x1f37b;17;45;103;86;clinking beer mugs
ğŸ™…;0x1f645;76;47;42;-34;face with no good gesture
ğŸŒ;0x1f31e;3;64;95;92;sun with face
ğŸ;0x1f341;5;72;84;79;maple leaf
â­;0x2b50;5;55;99;94;white medium star
â–ª;0x25aa;15;97;47;32;black small square
ğŸ€;0x1f380;6;44;106;100;ribbon
â”;0x2501;14;100;42;28;box drawings heavy horizontal
â˜·;0x2637;2;140;12;10;trigram for earth
ğŸ·;0x1f437;11;73;68;57;pig face
ğŸ™‰;0x1f649;26;47;77;51;hear-no-evil monkey
ğŸŒº;0x1f33a;2;62;86;84;hibiscus
ğŸ’…;0x1f485;27;36;86;59;nail polish
ğŸ¶;0x1f436;12;37;99;87;dog face
ğŸŒš;0x1f31a;23;32;93;70;new moon with face
ğŸ‘½;0x1f47d;13;73;60;47;extraterrestrial alien
ğŸ¤;0x1f3a4;17;40;87;70;microphone
ğŸ‘­;0x1f46d;20;36;88;68;two women holding hands
ğŸ§;0x1f3a7;18;46;78;60;headphone
ğŸ‘†;0x1f446;16;60;62;46;white up pointing backhand index
ğŸ¸;0x1f378;12;38;88;76;cocktail glass
ğŸ·;0x1f377;7;68;62;55;wine glass
Â®;0xae;9;80;48;39;registered sign
ğŸ‰;0x1f349;10;33;93;83;watermelon
ğŸ˜‡;0x1f607;9;36;90;81;smiling face with halo
â˜‘;0x2611;2;117;16;14;ballot box with check
ğŸƒ;0x1f3c3;12;55;68;56;runner
ğŸ˜¿;0x1f63f;78;29;27;-51;crying cat face
â”‚;0x2502;0;87;47;47;box drawings light vertical
ğŸ’£;0x1f4a3;40;50;41;1;bomb
ğŸº;0x1f37a;8;49;74;66;beer mug
â–¶;0x25b6;7;89;35;28;black right-pointing triangle
ğŸ˜²;0x1f632;50;38;41;-9;astonished face
ğŸ¸;0x1f3b8;1;57;67;66;guitar
ğŸ¹;0x1f379;5;30;88;83;tropical drink
ğŸ’«;0x1f4ab;4;51;66;62;dizzy symbol
ğŸ“š;0x1f4da;22;34;63;41;books
ğŸ˜¶;0x1f636;50;34;33;-17;face without mouth
ğŸŒ·;0x1f337;0;52;64;64;tulip
ğŸ’;0x1f49d;8;23;84;76;heart with ribbon
ğŸ’¨;0x1f4a8;12;46;57;45;dash symbol
ğŸˆ;0x1f3c8;7;38;69;62;american football
ğŸ’;0x1f48d;16;25;71;55;ring
â˜”;0x2614;21;36;54;33;umbrella with rain drops
ğŸ‘¸;0x1f478;6;30;75;69;princess
ğŸ‡ª;0x1f1ea;2;36;71;69;regional indicator symbol letter e
â–‘;0x2591;25;63;20;-5;light shade
ğŸ©;0x1f369;15;35;57;42;doughnut
ğŸ‘¾;0x1f47e;1;64;40;39;alien monster
â˜;0x2601;14;43;47;33;cloud
ğŸŒ»;0x1f33b;1;41;62;61;sunflower
ğŸ˜µ;0x1f635;33;28;42;9;dizzy face
ğŸ“’;0x1f4d2;0;98;4;4;ledger
â†¿;0x21bf;0;34;68;68;upwards harpoon with barb leftwards
ğŸ¯;0x1f42f;4;43;53;49;tiger face
ğŸ‘¼;0x1f47c;17;31;51;34;baby angel
ğŸ”;0x1f354;16;38;44;28;hamburger
ğŸ˜¸;0x1f638;11;34;52;41;grinning cat face with smiling eyes
ğŸ‘¶;0x1f476;13;27;56;43;baby
â†¾;0x21be;0;32;64;64;upwards harpoon with barb rightwards
ğŸ’;0x1f490;3;17;75;72;bouquet
ğŸŒŠ;0x1f30a;8;30;57;49;water wave
ğŸ¦;0x1f366;13;24;58;45;soft ice cream
ğŸ“;0x1f353;3;23;68;65;strawberry
ğŸ‘‡;0x1f447;13;44;37;24;white down pointing backhand index
ğŸ’†;0x1f486;24;23;45;21;face massage
ğŸ´;0x1f374;4;33;55;51;fork and knife
ğŸ˜§;0x1f627;36;26;30;-6;anguished face
ğŸ‡¸;0x1f1f8;8;27;56;48;regional indicator symbol letter s
ğŸ˜®;0x1f62e;16;33;41;25;face with open mouth
â–“;0x2593;2;85;3;1;dark shade
ğŸš«;0x1f6ab;48;32;8;-40;no entry sign
ğŸ˜½;0x1f63d;11;14;63;52;kissing cat face with closed eyes
ğŸŒˆ;0x1f308;5;31;52;47;rainbow
ğŸ™€;0x1f640;14;30;44;30;weary cat face
âš ;0x26a0;16;62;10;-6;warning sign
ğŸ®;0x1f3ae;8;32;46;38;video game
â•¯;0x256f;19;47;18;-1;box drawings light arc up and left
ğŸ†;0x1f346;6;37;41;35;aubergine
ğŸ°;0x1f370;13;19;52;39;shortcake
âœ“;0x2713;9;41;34;25;check mark
ğŸ‘;0x1f450;33;19;31;-2;open hands sign
ğŸ™‡;0x1f647;24;23;36;12;person bowing deeply
ğŸŸ;0x1f35f;14;29;40;26;french fries
ğŸŒ;0x1f34c;10;25;47;37;banana
ğŸ’‘;0x1f491;5;16;61;56;couple with heart
ğŸ‘¬;0x1f46c;29;29;24;-5;two men holding hands
ğŸ£;0x1f423;12;17;52;40;hatching chick
ğŸƒ;0x1f383;6;19;56;50;jack-o-lantern
â–¬;0x25ac;0;42;39;39;black rectangle
;0xfffc;44;33;4;-40;object replacement character
ğŸ˜Ÿ;0x1f61f;28;18;34;6;worried face
ğŸ¾;0x1f43e;8;13;57;49;paw prints
ğŸ“;0x1f393;7;18;52;45;graduation cap
ğŸŠ;0x1f3ca;2;27;48;46;swimmer
ğŸ«;0x1f36b;22;20;34;12;chocolate bar
ğŸ“·;0x1f4f7;7;28;41;34;camera
ğŸ‘„;0x1f444;5;28;42;37;mouth
ğŸŒ¼;0x1f33c;1;12;61;60;blossom
ğŸš¶;0x1f6b6;28;29;17;-11;pedestrian
ğŸ±;0x1f431;10;14;49;39;cat face
â•‘;0x2551;0;62;11;11;box drawings double vertical
ğŸ¸;0x1f438;24;30;18;-6;frog face
ğŸ‡º;0x1f1fa;8;15;48;40;regional indicator symbol letter u
ğŸ‘¿;0x1f47f;47;15;8;-39;imp
ğŸš¬;0x1f6ac;8;16;46;38;smoking symbol
âœ¿;0x273f;2;38;30;28;black florette
ğŸ“–;0x1f4d6;18;20;30;12;open book
ğŸ’;0x1f412;1;29;38;37;monkey
ğŸŒ;0x1f30d;5;16;47;42;earth globe europe-africa
â”Š;0x250a;0;0;68;68;box drawings light quadruple dash vertical
ğŸ¥;0x1f425;4;18;45;41;front-facing baby chick
ğŸŒ€;0x1f300;10;39;17;7;cyclone
ğŸ¼;0x1f43c;4;40;22;18;panda face
ğŸ¥;0x1f3a5;8;30;28;20;movie camera
ğŸ’„;0x1f484;6;24;36;30;lipstick
ğŸ’¸;0x1f4b8;16;23;27;11;money with wings
â›”;0x26d4;5;22;38;33;no entry
â—;0x25cf;8;37;20;12;black circle
ğŸ€;0x1f3c0;13;21;30;17;basketball and hoop
ğŸ’‰;0x1f489;11;18;35;24;syringe
ğŸ’Ÿ;0x1f49f;3;12;48;45;heart decoration
ğŸš—;0x1f697;8;31;23;15;automobile
ğŸ˜¯;0x1f62f;16;22;24;8;hushed face
ğŸ“;0x1f4dd;8;31;23;15;memo
â•;0x2550;0;61;1;1;box drawings double horizontal
â™¦;0x2666;6;20;35;29;black diamond suit
ğŸ’­;0x1f4ad;10;27;23;13;thought balloon
ğŸŒ™;0x1f319;3;16;39;36;crescent moon
ğŸŸ;0x1f41f;2;12;44;42;fish
ğŸ‘£;0x1f463;6;25;27;21;footprints
â˜;0x261e;0;51;7;7;white right pointing index
âœ‚;0x2702;34;18;6;-28;black scissors
ğŸ—¿;0x1f5ff;5;21;32;27;moyai
ğŸ;0x1f35d;16;18;23;7;spaghetti
ğŸ‘ª;0x1f46a;24;10;23;-1;family
ğŸ­;0x1f36d;9;21;27;18;lollipop
ğŸŒƒ;0x1f303;3;27;26;23;night with stars
âŒ;0x274c;14;12;30;16;cross mark
ğŸ°;0x1f430;4;13;38;34;rabbit face
ğŸ’Š;0x1f48a;8;14;33;25;pill
ğŸš¨;0x1f6a8;6;6;43;37;police cars revolving light
ğŸ˜¦;0x1f626;30;15;9;-21;frowning face with open mouth
ğŸª;0x1f36a;10;16;28;18;cookie
ğŸ£;0x1f363;24;18;11;-13;sushi
â•­;0x256d;3;38;12;9;box drawings light arc down and right
âœ§;0x2727;1;33;19;18;white four pointed star
ğŸ†;0x1f386;2;9;41;39;fireworks
â•®;0x256e;5;35;12;7;box drawings light arc down and left
ğŸ;0x1f38e;0;2;49;49;japanese dolls
ğŸ‡©;0x1f1e9;1;16;34;33;regional indicator symbol letter d
âœ…;0x2705;3;23;25;22;white heavy check mark
ğŸ‘¹;0x1f479;13;20;16;3;japanese ogre
ğŸ“±;0x1f4f1;4;25;20;16;mobile phone
ğŸ™;0x1f64d;29;8;12;-17;person frowning
ğŸ‘;0x1f351;12;12;25;13;peach
ğŸ¼;0x1f3bc;2;28;19;17;musical score
ğŸ”Š;0x1f50a;4;20;25;21;speaker with three sound waves
ğŸŒŒ;0x1f30c;5;11;31;26;milky way
ğŸ;0x1f34e;6;19;22;16;red apple
ğŸ»;0x1f43b;6;13;28;22;bear face
â”€;0x2500;0;40;7;7;box drawings light horizontal
â•°;0x2570;7;36;4;-3;box drawings light arc up and right
ğŸ’‡;0x1f487;7;16;23;16;haircut
â™¬;0x266c;4;26;16;12;beamed sixteenth notes
â™š;0x265a;0;44;2;2;black chess king
ğŸ”´;0x1f534;1;24;20;19;large red circle
ğŸ±;0x1f371;25;10;10;-15;bento box
ğŸŠ;0x1f34a;6;13;26;20;tangerine
ğŸ’;0x1f352;6;18;21;15;cherries
ğŸ­;0x1f42d;0;12;33;33;mouse face
ğŸ‘Ÿ;0x1f45f;5;15;25;20;athletic shoe
ğŸŒ;0x1f30e;5;19;20;15;earth globe americas
ğŸ;0x1f34d;7;8;29;22;pineapple
ğŸ®;0x1f42e;2;12;29;27;cow face
ğŸ“²;0x1f4f2;7;18;18;11;mobile phone with rightwards arrow at left
â˜¼;0x263c;2;30;11;9;white sun with rays
ğŸŒ…;0x1f305;6;14;22;16;sunrise
ğŸ‡·;0x1f1f7;1;10;31;30;regional indicator symbol letter r
ğŸ‘ ;0x1f460;6;14;22;16;high-heeled shoe
ğŸŒ½;0x1f33d;5;12;25;20;ear of maize
ğŸ’§;0x1f4a7;20;8;13;-7;droplet
â“;0x2753;7;24;10;3;black question mark ornament
ğŸ¬;0x1f36c;8;9;24;16;candy
ğŸ˜º;0x1f63a;8;7;25;17;smiling cat face with open mouth
ğŸ´;0x1f434;8;21;11;3;horse face
ğŸš€;0x1f680;2;15;23;21;rocket
Â¦;0xa6;7;1;32;25;broken bar
ğŸ’¢;0x1f4a2;6;18;16;10;anger symbol
ğŸ¬;0x1f3ac;2;24;14;12;clapper board
ğŸ§;0x1f367;9;9;22;13;shaved ice
ğŸœ;0x1f35c;9;5;26;17;steaming bowl
ğŸ;0x1f40f;2;12;26;24;ram
ğŸ˜;0x1f418;9;21;10;1;elephant
ğŸ‘§;0x1f467;10;14;16;6;girl
â €;0x2800;6;26;8;2;braille pattern blank
ğŸ„;0x1f3c4;2;13;24;22;surfer
â¤;0x27a4;0;26;13;13;black rightwards arrowhead
â¬†;0x2b06;1;25;13;12;upwards black arrow
ğŸ‹;0x1f34b;6;16;16;10;lemon
ğŸ†—;0x1f197;6;4;28;22;squared ok
âšª;0x26aa;0;19;18;18;medium white circle
ğŸ“º;0x1f4fa;3;16;18;15;television
ğŸ…;0x1f345;9;5;23;14;tomato
â›…;0x26c5;4;11;22;18;sun behind cloud
ğŸ¢;0x1f422;6;17;14;8;turtle
ğŸ‘™;0x1f459;3;11;23;20;bikini
ğŸ¡;0x1f3e1;5;9;22;17;house with garden
ğŸŒ¾;0x1f33e;5;5;26;21;ear of rice
â—‰;0x25c9;0;26;10;10;fisheye
âœ;0x270f;3;16;16;13;pencil
ğŸ¬;0x1f42c;2;15;18;16;dolphin
ğŸ¤;0x1f364;6;21;8;2;fried shrimp
ğŸ‡¹;0x1f1f9;0;13;22;22;regional indicator symbol letter t
â™£;0x2663;4;14;17;13;black club suit
ğŸ;0x1f41d;5;17;13;8;honeybee
ğŸŒ;0x1f31d;5;17;12;7;full moon with face
ğŸ‡®;0x1f1ee;0;12;22;22;regional indicator symbol letter i
ğŸ”‹;0x1f50b;22;8;4;-18;battery
ğŸ;0x1f40d;3;15;16;13;snake
â™”;0x2654;0;14;20;20;white chess king
ğŸ³;0x1f373;13;6;14;1;cooking
ğŸ”µ;0x1f535;4;14;15;11;large blue circle
ğŸ˜¾;0x1f63e;20;5;8;-12;pouting cat face
ğŸŒ•;0x1f315;3;7;23;20;full moon symbol
ğŸ¨;0x1f428;4;9;20;16;koala
ğŸ”;0x1f510;6;9;18;12;closed lock with key
ğŸ’¿;0x1f4bf;0;11;22;22;optical disc
â;0x2741;0;31;2;2;eight petalled outlined black florette
ğŸŒ³;0x1f333;2;11;19;17;deciduous tree
ğŸ‘°;0x1f470;3;9;20;17;bride with veil
â€;0x2740;0;18;14;14;white florette
âš“;0x2693;2;8;22;20;anchor
ğŸš´;0x1f6b4;0;9;23;23;bicyclist
â–€;0x2580;10;17;5;-5;upper half block
ğŸ‘—;0x1f457;5;13;13;8;dress
â•;0x2795;4;5;22;18;heavy plus sign
ğŸ’¬;0x1f4ac;4;10;16;12;speech balloon
â–’;0x2592;2;27;1;-1;medium shade
ğŸ”œ;0x1f51c;5;11;14;9;soon with rightwards arrow above
ğŸ¨;0x1f368;8;7;15;7;ice cream
ğŸ’²;0x1f4b2;0;22;8;8;heavy dollar sign
â›½;0x26fd;1;23;6;5;fuel pump
ğŸ™;0x1f359;5;10;14;9;rice ball
ğŸ—;0x1f357;9;9;11;2;poultry leg
ğŸ²;0x1f372;7;11;11;4;pot of food
ğŸ¥;0x1f365;22;4;3;-19;fish cake with swirl design
â–¸;0x25b8;0;22;7;7;black right-pointing small triangle
â™›;0x265b;4;15;10;6;black chess queen
ğŸ˜¼;0x1f63c;5;7;16;11;cat face with wry smile
ğŸ™;0x1f419;2;12;14;12;octopus
ğŸ‘¨;0x1f468;2;8;18;16;man
ğŸš;0x1f35a;6;2;20;14;cooked rice
ğŸ–;0x1f356;7;10;11;4;meat on bone
â™¨;0x2668;0;1;27;27;hot springs
ğŸ¹;0x1f3b9;0;17;11;11;musical keyboard
â™•;0x2655;0;16;12;12;white chess queen
â–ƒ;0x2583;0;0;28;28;lower three eighths block
ğŸš˜;0x1f698;8;9;10;2;oncoming automobile
ğŸ;0x1f34f;7;11;9;2;green apple
ğŸ‘©;0x1f469;9;7;11;2;woman
ğŸ‘¦;0x1f466;5;13;9;4;boy
ğŸ‡¬;0x1f1ec;2;15;10;8;regional indicator symbol letter g
ğŸ‡§;0x1f1e7;2;15;10;8;regional indicator symbol letter b
â˜ ;0x2620;7;14;6;-1;skull and crossbones
ğŸ ;0x1f420;4;6;16;12;tropical fish
ğŸš¹;0x1f6b9;1;4;21;20;mens symbol
ğŸ’µ;0x1f4b5;3;9;14;11;banknote with dollar sign
âœ°;0x2730;0;3;23;23;shadowed white star
â• ;0x2560;0;20;6;6;box drawings double vertical and right
ğŸ‘›;0x1f45b;4;7;14;10;purse
ğŸš™;0x1f699;5;14;6;1;recreational vehicle
ğŸŒ±;0x1f331;0;9;16;16;seedling
ğŸ’»;0x1f4bb;1;16;8;7;personal computer
ğŸŒ;0x1f30f;3;10;12;9;earth globe asia-australia
â–„;0x2584;8;11;6;-2;lower half block
ğŸ‘“;0x1f453;0;16;8;8;eyeglasses
â—„;0x25c4;0;18;6;6;black left-pointing pointer
âš¾;0x26be;9;7;8;-1;baseball
ğŸŒ²;0x1f332;2;9;12;10;evergreen tree
ğŸ‘´;0x1f474;5;7;11;6;older man
ğŸ ;0x1f3e0;1;8;14;13;house building
ğŸ‡;0x1f347;5;6;12;7;grapes
ğŸ˜;0x1f358;5;3;15;10;rice cracker
ğŸ›;0x1f35b;8;6;9;1;curry and rice
ğŸ‡;0x1f407;4;9;10;6;rabbit
ğŸ”;0x1f51e;6;12;5;-1;no one under eighteen symbol
ğŸ‘µ;0x1f475;5;2;16;11;older woman
â—€;0x25c0;0;16;7;7;black left-pointing triangle
ğŸ”™;0x1f519;2;14;7;5;back with leftwards arrow above
ğŸŒµ;0x1f335;6;6;11;5;cactus
ğŸ½;0x1f43d;5;9;8;3;pig nose
ğŸ®;0x1f36e;10;5;7;-3;custard
ğŸ‡;0x1f387;1;3;18;17;firework sparkler
ğŸ;0x1f40e;2;8;12;10;horse
â”;0x2794;3;19;0;-3;heavy wide-headed rightwards arrow
ğŸ’¶;0x1f4b6;3;16;3;0;banknote with euro sign
ğŸ¤;0x1f424;1;7;14;13;baby chick
â•©;0x2569;0;17;5;5;box drawings double up and horizontal
ğŸ›€;0x1f6c0;6;6;9;3;bath
ğŸŒ‘;0x1f311;2;6;13;11;new moon symbol
ğŸš²;0x1f6b2;1;10;10;9;bicycle
ğŸ‘;0x1f411;6;13;2;-4;sheep
ğŸ;0x1f3c1;0;9;12;12;chequered flag
ğŸ;0x1f35e;6;8;7;1;bread
ğŸ¾;0x1f3be;2;4;15;13;tennis racquet and ball
â•š;0x255a;0;14;7;7;box drawings double up and right
ğŸˆ¹;0x1f239;1;12;8;7;squared cjk unified ideograph-5272
ğŸ³;0x1f433;4;9;7;3;spouting whale
ğŸ‘®;0x1f46e;10;8;2;-8;police officer
â˜¹;0x2639;14;4;2;-12;white frowning face
ğŸµ;0x1f435;1;7;12;11;monkey face
âœª;0x272a;0;13;7;7;circled white star
â—•;0x25d5;0;10;10;10;circle with all but upper left quadrant black
ğŸ—¼;0x1f5fc;1;6;13;12;tokyo tower
â–;0x2590;4;15;1;-3;right half block
â™ ;0x2660;0;13;7;7;black spade suit
â”³;0x2533;10;8;2;-8;box drawings heavy down and horizontal
ğŸ‘º;0x1f47a;8;7;4;-4;japanese goblin
ğŸš;0x1f41a;1;12;6;5;spiral shell
ğŸ‘‚;0x1f442;7;8;4;-3;ear
ğŸ—½;0x1f5fd;1;10;8;7;statue of liberty
ğŸµ;0x1f375;3;5;11;8;teacup without handle
ğŸ†’;0x1f192;0;11;8;8;squared cool
ğŸ¯;0x1f36f;7;4;8;1;honey pot
ğŸº;0x1f43a;2;10;7;5;wolf face
â‡¨;0x21e8;0;9;10;10;rightwards white arrow
â¨;0x27a8;2;12;5;3;heavy concave-pointed black rightwards arrow
ğŸŒ“;0x1f313;0;6;13;13;first quarter moon symbol
ğŸ”’;0x1f512;5;5;9;4;lock
â•¬;0x256c;6;10;3;-3;box drawings double vertical and horizontal
ğŸ‘³;0x1f473;2;1;15;13;man with turban
ğŸŒ‚;0x1f302;2;9;7;5;closed umbrella
ğŸšŒ;0x1f68c;2;10;6;4;bus
â™©;0x2669;0;7;11;11;quarter note
ğŸ¡;0x1f361;5;9;4;-1;dango
â¥;0x2765;0;13;5;5;rotated heavy black heart bullet
ğŸ¡;0x1f3a1;1;10;7;6;ferris wheel
ğŸ’Œ;0x1f48c;2;3;12;10;love letter
ğŸ©;0x1f429;0;10;7;7;poodle
ğŸŒœ;0x1f31c;0;7;10;10;last quarter moon with face
âŒš;0x231a;2;9;6;4;watch
ğŸš¿;0x1f6bf;1;3;13;12;shower
ğŸ–;0x1f416;0;14;3;3;pig
ğŸ”†;0x1f506;0;6;11;11;high brightness symbol
ğŸŒ›;0x1f31b;0;6;11;11;first quarter moon with face
ğŸ’‚;0x1f482;8;4;5;-3;guardsman
ğŸ”;0x1f414;1;9;7;6;chicken
ğŸ™;0x1f64e;8;2;7;-1;person with pouting face
ğŸ©;0x1f3e9;2;4;10;8;love hotel
ğŸ‡«;0x1f1eb;0;7;9;9;regional indicator symbol letter f
ğŸ”¨;0x1f528;6;6;4;-2;hammer
ğŸ“¢;0x1f4e2;0;8;8;8;public address loudspeaker
ğŸ¦;0x1f426;0;8;8;8;bird
ğŸ²;0x1f432;2;13;1;-1;dragon face
â™»;0x267b;0;7;9;9;black universal recycling symbol
ğŸŒ˜;0x1f318;0;5;11;11;waning crescent moon symbol
ğŸ;0x1f350;5;3;8;3;pear
ğŸŒ”;0x1f314;0;5;11;11;waxing gibbous moon symbol
â•¥;0x2565;6;2;8;2;box drawings down double and horizontal single
âŠ;0x274a;0;16;0;0;eight teardrop-spoked propeller asterisk
ğŸ‘–;0x1f456;1;7;7;6;jeans
ğŸšº;0x1f6ba;2;8;5;3;womens symbol
ğŸ˜—;0x1f617;1;2;12;11;kissing face
ğŸ­;0x1f3ad;5;5;5;0;performing arts
ğŸ„;0x1f404;2;6;7;5;cow
â—Ÿ;0x25df;2;12;1;-1;lower left quadrant circular arc
ğŸ¢;0x1f362;5;7;3;-2;oden
ğŸ¨;0x1f3a8;1;10;4;3;artist palette
â¬‡;0x2b07;2;4;9;7;downwards black arrow
ğŸš¼;0x1f6bc;0;5;10;10;baby symbol
â›²;0x26f2;1;12;2;1;fountain
â–;0x2581;0;15;0;0;lower one eighth block
ğŸ‡´;0x1f1f4;0;9;6;6;regional indicator symbol letter o
ğŸŒ—;0x1f317;0;4;11;11;last quarter moon symbol
ğŸŒ–;0x1f316;0;4;11;11;waning gibbous moon symbol
ğŸ”…;0x1f505;0;0;15;15;low brightness symbol
ğŸ‘œ;0x1f45c;2;6;6;4;handbag
ğŸŒ;0x1f40c;0;3;11;11;snail
ğŸ’¼;0x1f4bc;1;3;10;9;briefcase
ğŸš•;0x1f695;3;8;3;0;taxi
ğŸ¹;0x1f439;3;3;8;5;hamster face
ğŸŒ ;0x1f320;2;1;11;9;shooting star
ğŸˆ;0x1f408;0;9;5;5;cat
â‡§;0x21e7;0;12;2;2;upwards white arrow
â˜;0x260e;2;10;2;0;black telephone
ğŸŒ;0x1f301;1;9;4;3;foggy
âš«;0x26ab;3;4;7;4;medium black circle
â™§;0x2667;0;6;8;8;white club suit
ğŸ°;0x1f3f0;1;7;6;5;european castle
ğŸšµ;0x1f6b5;0;8;6;6;mountain bicyclist
ğŸ¢;0x1f3a2;1;4;9;8;roller coaster
ğŸ·;0x1f3b7;0;3;11;11;saxophone
ğŸ;0x1f390;0;11;3;3;wind chime
â”ˆ;0x2508;12;0;2;-10;box drawings light quadruple dash horizontal
â•—;0x2557;0;8;6;6;box drawings double down and left
â•±;0x2571;0;14;0;0;box drawings light diagonal upper right to lower left
ğŸŒ‡;0x1f307;0;5;8;8;sunset over buildings
â°;0x23f0;2;2;9;7;alarm clock
â‡©;0x21e9;0;13;0;0;downwards white arrow
ğŸš‚;0x1f682;0;9;4;4;steam locomotive
â— ;0x25e0;0;6;7;7;upper half circle
ğŸ¿;0x1f3bf;1;5;7;6;ski and ski boot
âœ¦;0x2726;0;12;1;1;black four pointed star
ğŸ†”;0x1f194;0;1;12;12;squared id
â›ª;0x26ea;2;7;4;2;church
ğŸŒ’;0x1f312;0;4;9;9;waxing crescent moon symbol
ğŸª;0x1f42a;0;4;9;9;dromedary camel
â•”;0x2554;0;9;4;4;box drawings double down and right
â•;0x255d;0;6;7;7;box drawings double up and left
ğŸ‘”;0x1f454;2;3;7;5;necktie
ğŸ”±;0x1f531;3;5;4;1;trident emblem
ğŸ†“;0x1f193;0;9;3;3;squared free
ğŸ‹;0x1f40b;2;5;5;3;whale
â–½;0x25bd;1;4;7;6;white down-pointing triangle
â–‚;0x2582;0;12;0;0;lower one quarter block
ğŸ›;0x1f41b;2;4;6;4;bug
ğŸ‘•;0x1f455;1;4;7;6;t-shirt
ğŸš‹;0x1f68b;0;11;1;1;tram car
ğŸ’³;0x1f4b3;1;4;7;6;credit card
ğŸŒ†;0x1f306;2;6;4;2;cityscape at dusk
ğŸ§;0x1f3e7;0;0;12;12;automated teller machine
ğŸ’¡;0x1f4a1;0;3;9;9;electric light bulb
ğŸ”¹;0x1f539;2;6;4;2;small blue diamond
â¬…;0x2b05;0;5;7;7;leftwards black arrow
ğŸ ;0x1f360;5;2;5;0;roasted sweet potato
ğŸ«;0x1f42b;0;7;5;5;bactrian camel
ğŸª;0x1f3ea;2;7;3;1;convenience store
Û©;0x6e9;0;12;0;0;arabic place of sajdah
ğŸ‡±;0x1f1f1;0;6;6;6;regional indicator symbol letter l
ğŸ“¹;0x1f4f9;1;3;7;6;video camera
ğŸ‘;0x1f45e;1;3;7;6;mans shoe
ğŸš‘;0x1f691;3;4;4;1;ambulance
ğŸ†˜;0x1f198;4;2;5;1;squared sos
ğŸ‘š;0x1f45a;0;3;8;8;womans clothes
ğŸš;0x1f68d;4;2;5;1;oncoming bus
â–¡;0x25a1;7;0;4;-3;white square
ğŸ‚;0x1f402;1;7;3;2;ox
ğŸš£;0x1f6a3;0;3;8;8;rowboat
âœ³;0x2733;0;11;0;0;eight spoked asterisk
ğŸ‰;0x1f3c9;0;4;7;7;rugby football
ğŸ—»;0x1f5fb;0;3;8;8;mount fuji
ğŸ€;0x1f400;1;7;3;2;rat
â•¦;0x2566;0;6;5;5;box drawings double down and horizontal
â›º;0x26fa;1;2;7;6;tent
ğŸ•;0x1f415;1;5;4;3;dog
ğŸ‚;0x1f3c2;1;3;6;5;snowboarder
ğŸ‘¡;0x1f461;1;3;6;5;womans sandal
ğŸ“»;0x1f4fb;1;4;5;4;radio
âœ’;0x2712;1;5;4;3;black nib
ğŸŒ°;0x1f330;0;3;7;7;chestnut
ğŸ¢;0x1f3e2;0;8;2;2;office building
ğŸ’;0x1f392;1;2;7;6;school satchel
âŒ’;0x2312;0;3;7;7;arc
ğŸ«;0x1f3eb;6;1;3;-3;school
ğŸ“´;0x1f4f4;1;0;9;8;mobile phone off
ğŸš¢;0x1f6a2;3;1;6;3;ship
ğŸšš;0x1f69a;2;7;1;-1;delivery truck
ğŸ‰;0x1f409;0;8;2;2;dragon
â’;0x2752;0;7;3;3;upper right shadowed white square
ğŸŠ;0x1f40a;2;5;3;1;crocodile
ğŸ””;0x1f514;0;0;10;10;bell
â—¢;0x25e2;0;2;8;8;black lower right triangle
ğŸ¥;0x1f3e5;1;4;4;3;hospital
â”;0x2754;3;3;3;0;white question mark ornament
ğŸš–;0x1f696;3;4;2;-1;oncoming taxi
ğŸƒ;0x1f0cf;3;2;4;1;playing card black joker
â–¼;0x25bc;2;4;3;1;black down-pointing triangle
â–Œ;0x258c;4;4;1;-3;left half block
â˜›;0x261b;0;5;4;4;black right pointing index
âœ©;0x2729;0;9;0;0;stress outlined white star
ğŸ’’;0x1f492;0;3;6;6;wedding
ğŸš¤;0x1f6a4;0;5;4;4;speedboat
ğŸ;0x1f410;0;4;5;5;goat
â– ;0x25a0;5;2;2;-3;black square
ğŸ”š;0x1f51a;1;3;5;4;end with leftwards arrow above
ğŸ»;0x1f3bb;0;5;4;4;violin
ğŸ”·;0x1f537;0;7;2;2;large blue diamond
ğŸš¦;0x1f6a6;2;4;3;1;vertical traffic light
ğŸ”“;0x1f513;3;2;4;1;open lock
ğŸ½;0x1f3bd;0;4;5;5;running shirt with sash
ğŸ“…;0x1f4c5;2;3;4;2;calendar
ğŸº;0x1f3ba;1;0;8;7;trumpet
âœ¯;0x272f;0;9;0;0;pinwheel star
ğŸˆ;0x1f348;6;1;2;-4;melon
âœ‰;0x2709;1;4;4;3;envelope
â•£;0x2563;0;9;0;0;box drawings double vertical and left
â—¤;0x25e4;0;0;9;9;black upper left triangle
â—‹;0x25cb;0;3;5;5;white circle
ğŸ¼;0x1f37c;1;1;6;5;baby bottle
ğŸ“€;0x1f4c0;1;5;2;1;dvd
ğŸš›;0x1f69b;2;6;0;-2;articulated lorry
ğŸ““;0x1f4d3;1;4;3;2;notebook
â˜‰;0x2609;0;6;2;2;sun
ğŸ’´;0x1f4b4;3;4;1;-2;banknote with yen sign
â”¼;0x253c;2;4;2;0;box drawings light vertical and horizontal
ğŸƒ;0x1f403;0;8;0;0;water buffalo
â°;0x27b0;4;1;3;-1;curly loop
ğŸ”Œ;0x1f50c;3;3;2;-1;electric plug
ğŸ„;0x1f344;2;4;2;0;mushroom
ğŸ“•;0x1f4d5;1;4;3;2;closed book
ğŸ“£;0x1f4e3;1;2;5;4;cheering megaphone
ğŸš“;0x1f693;0;5;3;3;police car
ğŸ—;0x1f417;0;3;5;5;boar
â†ª;0x21aa;0;7;1;1;rightwards arrow with hook
â›³;0x26f3;0;1;7;7;flag in hole
â”»;0x253b;6;0;2;-4;box drawings heavy up and horizontal
â”›;0x251b;0;2;6;6;box drawings heavy up and left
â”ƒ;0x2503;0;4;4;4;box drawings heavy vertical
ğŸ‘±;0x1f471;1;4;2;1;person with blond hair
â³;0x23f3;3;1;3;0;hourglass with flowing sand
ğŸ’º;0x1f4ba;1;3;3;2;seat
ğŸ‡;0x1f3c7;3;2;2;-1;horse racing
â˜»;0x263b;1;3;3;2;black smiling face
ğŸ“;0x1f4de;0;3;4;4;telephone receiver
â’¶;0x24b6;2;4;1;-1;circled latin capital letter a
ğŸŒ‰;0x1f309;0;2;5;5;bridge at night
ğŸš©;0x1f6a9;3;3;1;-2;triangular flag on post
âœ;0x270e;0;2;5;5;lower right pencil
ğŸ“ƒ;0x1f4c3;0;3;4;4;page with curl
ğŸ¨;0x1f3e8;0;5;2;2;hotel
ğŸ“Œ;0x1f4cc;5;1;1;-4;pushpin
â™;0x264e;2;4;1;-1;libra
ğŸ’·;0x1f4b7;0;3;4;4;banknote with pound sign
ğŸš„;0x1f684;0;2;5;5;high-speed train
â–²;0x25b2;0;2;5;5;black up-pointing triangle
â›µ;0x26f5;0;2;5;5;sailboat
ğŸ”¸;0x1f538;0;5;2;2;small orange diamond
âŒ›;0x231b;2;2;3;1;hourglass
ğŸšœ;0x1f69c;0;0;7;7;tractor
ğŸ†;0x1f406;0;4;3;3;leopard
ğŸ‘’;0x1f452;1;3;3;2;womans hat
â•;0x2755;1;3;3;2;white exclamation mark ornament
ğŸ”›;0x1f51b;1;1;5;4;on with exclamation mark with left right arrow above
â™¢;0x2662;0;4;3;3;white diamond suit
ğŸ‡²;0x1f1f2;0;3;4;4;regional indicator symbol letter m
â…;0x2745;0;1;6;6;tight trifoliate snowflake
ğŸ‘;0x1f45d;1;1;4;3;pouch
âœ;0x271e;0;3;3;3;shadowed white latin cross
â—¡;0x25e1;0;4;2;2;lower half circle
ğŸ‹;0x1f38b;1;0;5;4;tanabata tree
ğŸ‘¥;0x1f465;1;2;3;2;busts in silhouette
ğŸ“µ;0x1f4f5;1;3;2;1;no mobile phones
ğŸ¡;0x1f421;0;4;2;2;blowfish
â—†;0x25c6;0;1;5;5;black diamond
ğŸ¯;0x1f3ef;0;5;1;1;japanese castle
â˜‚;0x2602;1;4;1;0;umbrella
ğŸ”­;0x1f52d;0;3;3;3;telescope
ğŸª;0x1f3aa;0;4;2;2;circus tent
ğŸœ;0x1f41c;0;2;4;4;ant
â™Œ;0x264c;0;1;5;5;leo
â˜;0x2610;6;0;0;-6;ballot box
ğŸ‘·;0x1f477;1;2;3;2;construction worker
â†³;0x21b3;0;6;0;0;downwards arrow with tip rightwards
ğŸ”ˆ;0x1f508;0;4;2;2;speaker
ğŸ“„;0x1f4c4;0;0;6;6;page facing up
ğŸ“;0x1f4cd;1;3;2;1;round pushpin
ğŸš;0x1f690;0;1;5;5;minibus
ğŸš”;0x1f694;1;4;1;0;oncoming police car
ğŸŒ‹;0x1f30b;0;2;4;4;volcano
ğŸ“¡;0x1f4e1;1;2;3;2;satellite antenna
â©;0x23e9;0;5;1;1;black right-pointing double triangle
ğŸš³;0x1f6b3;0;0;6;6;no bicycles
âœ˜;0x2718;0;1;5;5;heavy ballot x
Û;0x6de;0;6;0;0;arabic start of rub el hizb
â˜¾;0x263e;0;6;0;0;last quarter moon
ğŸ…°;0x1f170;1;2;3;2;negative squared latin capital letter a
ğŸ“¥;0x1f4e5;0;6;0;0;inbox tray
ğŸ‡¼;0x1f1fc;0;3;3;3;regional indicator symbol letter w
â”“;0x2513;0;2;4;4;box drawings heavy down and left
â”£;0x2523;0;2;4;4;box drawings heavy vertical and right
â“;0x24c1;0;3;3;3;circled latin capital letter l
â’º;0x24ba;0;3;3;3;circled latin capital letter e
ğŸ”¦;0x1f526;0;5;0;0;electric torch
ğŸ‘¤;0x1f464;0;1;4;4;bust in silhouette
ğŸš;0x1f681;0;4;1;1;helicopter
ğŸ ;0x1f3a0;0;2;3;3;carousel horse
ğŸ;0x1f401;2;3;0;-2;mouse
ğŸ“—;0x1f4d7;1;2;2;1;green book
â”;0x2510;2;2;1;-1;box drawings light down and left
â˜®;0x262e;2;1;2;0;peace symbol
â™‚;0x2642;0;4;1;1;male sign
â—;0x25de;1;3;1;0;lower right quadrant circular arc
ğŸ“¯;0x1f4ef;1;4;0;-1;postal horn
ğŸ”©;0x1f529;1;2;2;1;nut and bolt
ğŸ‘¢;0x1f462;0;1;4;4;womans boots
â—‚;0x25c2;0;3;2;2;black left-pointing small triangle
ğŸ“°;0x1f4f0;1;1;3;2;newspaper
ğŸ“¶;0x1f4f6;0;3;2;2;antenna with bars
ğŸš¥;0x1f6a5;1;3;1;0;horizontal traffic light
ğŸŒ„;0x1f304;0;4;1;1;sunrise over mountains
ğŸ—¾;0x1f5fe;0;3;2;2;silhouette of japan
ğŸ”¶;0x1f536;0;3;2;2;large orange diamond
ğŸ¤;0x1f3e4;0;3;2;2;european post office
ğŸ©;0x1f3a9;0;3;2;2;top hat
â“‚;0x24c2;1;1;3;2;circled latin capital letter m
ğŸ”§;0x1f527;4;0;1;-3;wrench
ğŸ…;0x1f405;0;4;1;1;tiger
â™®;0x266e;0;4;1;1;music natural sign
ğŸ…¾;0x1f17e;2;2;1;-1;negative squared latin capital letter o
ğŸ”„;0x1f504;0;5;0;0;anticlockwise downwards and upwards open circle arrows
â˜„;0x2604;0;5;0;0;comet
â˜¨;0x2628;0;5;0;0;cross of lorraine
ğŸ“¦;0x1f4e6;0;3;1;1;package
ğŸšŠ;0x1f68a;1;1;2;1;tram
ğŸ”²;0x1f532;0;1;3;3;black square button
ğŸ”;0x1f501;1;2;1;0;clockwise rightwards and leftwards open circle arrows
â–³;0x25b3;0;3;1;1;white up-pointing triangle
ğŸ“†;0x1f4c6;0;0;4;4;tear-off calendar
â›;0x275b;0;2;2;2;heavy single turned comma quotation mark ornament
ğŸ“‰;0x1f4c9;0;2;2;2;chart with downwards trend
â–µ;0x25b5;0;2;2;2;white up-pointing small triangle
ğŸ”;0x1f50e;0;1;3;3;right-pointing magnifying glass
â˜œ;0x261c;0;3;1;1;white left pointing index
ğŸ‡¯;0x1f1ef;0;2;2;2;regional indicator symbol letter j
ğŸ‡µ;0x1f1f5;0;2;2;2;regional indicator symbol letter p
ğŸ“˜;0x1f4d8;1;1;2;1;blue book
âœ¡;0x2721;0;4;0;0;star of david
â“”;0x24d4;0;1;3;3;circled latin small letter e
ğŸ”‘;0x1f511;1;1;2;1;key
ğŸ”ƒ;0x1f503;1;2;1;0;clockwise downwards and upwards open circle arrows
ğŸ‘ƒ;0x1f443;2;0;2;0;nose
â­•;0x2b55;0;2;2;2;heavy large circle
ğŸ”˜;0x1f518;0;3;1;1;radio button
â“’;0x24d2;2;0;2;0;circled latin small letter c
ğŸš­;0x1f6ad;0;0;4;4;no smoking symbol
ğŸš‰;0x1f689;0;1;3;3;station
ğŸšª;0x1f6aa;0;1;3;3;door
â³;0x27b3;0;2;2;2;white-feathered rightwards arrow
ğŸšƒ;0x1f683;0;1;3;3;railway car
â”¯;0x252f;2;2;0;-2;box drawings down light and horizontal heavy
ğŸ¬;0x1f3ec;0;4;0;0;department store
â˜½;0x263d;0;4;0;0;first quarter moon
ğŸ†™;0x1f199;0;2;2;2;squared up with exclamation mark
ğŸ†–;0x1f196;1;1;2;1;squared ng
â˜ª;0x262a;0;4;0;0;star and crescent
â”—;0x2517;0;0;4;4;box drawings heavy up and right
ğŸš®;0x1f6ae;2;0;2;0;put litter in its place symbol
â”«;0x252b;0;4;0;0;box drawings heavy vertical and left
â“„;0x24c4;0;2;2;2;circled latin capital letter o
â‡;0x2747;0;1;2;2;sparkle
âœ´;0x2734;0;1;2;2;eight pointed black star
â”Œ;0x250c;1;1;1;0;box drawings light down and right
â˜Š;0x260a;0;0;3;3;ascending node
ğŸ”•;0x1f515;2;0;1;-1;bell with cancellation stroke
â¬›;0x2b1b;2;0;1;-1;black large square
â;0x275d;0;3;0;0;heavy double turned comma quotation mark ornament
â;0x275e;0;3;0;0;heavy double comma quotation mark ornament
ğŸš;0x1f69e;0;1;2;2;mountain railway
ğŸ¶;0x1f376;0;1;2;2;sake bottle and cup
ğŸŒ;0x1f310;0;1;2;2;globe with meridians
â™€;0x2640;0;2;1;1;female sign
ğŸš…;0x1f685;0;1;2;2;high-speed train with bullet nose
ğŸš’;0x1f692;1;2;0;-1;fire engine
â£;0x27a3;0;3;0;0;three-d bottom-lighted rightwards arrowhead
â™‹;0x264b;0;2;1;1;cancer
â™;0x264d;0;1;2;2;virgo
ğŸ•;0x1f55d;1;2;0;-1;clock face two-thirty
â“;0x24d0;0;0;3;3;circled latin small letter a
âœ—;0x2717;1;1;1;0;ballot x
ğŸ“™;0x1f4d9;1;0;2;1;orange book
â“ˆ;0x24c8;0;2;1;1;circled latin capital letter s
ğŸ“‹;0x1f4cb;0;1;2;2;clipboard
â‡¢;0x21e2;1;1;1;0;rightwards dashed arrow
ğŸ±;0x1f3b1;1;0;2;1;billiards
ğŸ;0x1f41e;0;2;1;1;lady beetle
ğŸ”º;0x1f53a;0;2;1;1;up-pointing red triangle
â“¡;0x24e1;0;0;3;3;circled latin small letter r
ğŸ;0x1f38d;0;3;0;0;pine decoration
â™¤;0x2664;0;1;2;2;white spade suit
ğŸ²;0x1f3b2;0;3;0;0;game die
ğŸ¯;0x1f3af;0;1;2;2;direct hit
ã€ ;0x3020;0;3;0;0;postal mark face
ğŸ”‰;0x1f509;0;1;2;2;speaker with one sound wave
â†©;0x21a9;0;0;3;3;leftwards arrow with hook
ğŸš¾;0x1f6be;0;2;1;1;water closet
ğŸ£;0x1f3a3;2;1;0;-2;fishing pole and fish
ğŸ”£;0x1f523;0;2;1;1;input symbol for symbols
â;0x274e;3;0;0;-3;negative squared cross mark
â¥;0x27a5;0;2;1;1;heavy black curved downwards and rightwards arrow
ğŸ…±;0x1f171;0;3;0;0;negative squared latin capital letter b
ğŸŒ;0x1f38c;0;0;3;3;crossed flags
â—£;0x25e3;0;2;1;1;black lower left triangle
â¬;0x23ec;0;0;3;3;black down-pointing double triangle
â™­;0x266d;0;2;1;1;music flat sign
ğŸ’ ;0x1f4a0;0;3;0;0;diamond shape with a dot inside
â“;0x24de;0;0;2;2;circled latin small letter o
ğŸ”³;0x1f533;0;1;1;1;white square button
ğŸ­;0x1f3ed;0;1;1;1;factory
ğŸ”°;0x1f530;0;2;0;0;japanese symbol for beginner
ğŸ³;0x1f3b3;1;1;0;-1;bowling
â˜š;0x261a;0;0;2;2;black left pointing index
â½;0x27bd;0;1;1;1;heavy wedge-tailed rightwards arrow
â«;0x27ab;0;1;1;1;back-tilted shadowed white rightwards arrow
â–;0x2796;2;0;0;-2;heavy minus sign
ğŸ®;0x1f3ee;0;2;0;0;izakaya lantern
ğŸ“›;0x1f4db;0;2;0;0;name badge
ê’°;0xa4b0;0;1;1;1;yi radical shy
ê’±;0xa4b1;0;1;1;1;yi radical vep
â—;0x25dd;1;1;0;-1;upper right quadrant circular arc
ğŸ“‘;0x1f4d1;0;0;2;2;bookmark tabs
ğŸ¦;0x1f3a6;0;2;0;0;cinema
â“§;0x24e7;0;0;2;2;circled latin small letter x
ğŸ‡¨;0x1f1e8;0;2;0;0;regional indicator symbol letter c
ğŸ‡³;0x1f1f3;0;2;0;0;regional indicator symbol letter n
ğŸ”Ÿ;0x1f51f;0;0;2;2;keycap ten
ã€“;0x3013;0;0;2;2;geta mark
â“œ;0x24dc;0;1;1;1;circled latin small letter m
â ;0x27a0;0;0;2;2;heavy dashed triangle-headed rightwards arrow
ğŸš†;0x1f686;0;1;1;1;train
ğŸš ;0x1f6a0;0;2;0;0;mountain cableway
â„…;0x2105;2;0;0;-2;care of
â˜ƒ;0x2603;0;1;1;1;snowman
ğŸš½;0x1f6bd;0;0;2;2;toilet
ğŸ“;0x1f4d0;0;2;0;0;triangular ruler
â“;0x24dd;0;0;2;2;circled latin small letter n
âœ®;0x272e;0;2;0;0;heavy outlined black star
â‡¦;0x21e6;0;0;2;2;leftwards white arrow
ğŸ‘²;0x1f472;0;1;1;1;man with gua pi mao
ğŸš¡;0x1f6a1;1;1;0;-1;aerial tramway
ğŸ‘;0x1f391;0;2;0;0;moon viewing ceremony
ğŸ”¬;0x1f52c;0;0;2;2;microscope
â—;0x2797;1;1;0;-1;heavy division sign
ğŸ“ˆ;0x1f4c8;0;1;1;1;chart with upwards trend
âŒ˜;0x2318;0;2;0;0;place of interest sign
âª;0x23ea;0;1;1;1;black left-pointing double triangle
â•¹;0x2579;0;2;0;0;box drawings heavy up
â—;0x25ce;0;0;2;2;bullseye
ğŸ”¼;0x1f53c;0;2;0;0;up-pointing small red triangle
ê’¦;0xa4a6;2;0;0;-2;yi radical gguo
ğŸ“;0x1f4ce;0;0;2;2;paperclip
â‘…;0x2445;0;0;2;2;ocr bow tie
â;0x235d;0;2;0;0;apl functional symbol up shoe jot
ğŸ“;0x1f4c1;0;2;0;0;file folder
âœ­;0x272d;0;0;2;2;outlined black star
â²;0x27b2;0;2;0;0;circled heavy white rightwards arrow
â™“;0x2653;0;1;1;1;pisces
â”;0x250f;0;0;2;2;box drawings heavy down and right
â˜‡;0x2607;0;0;2;2;lightning
â™º;0x267a;0;2;0;0;recycling symbol for generic materials
â™;0x265e;0;2;0;0;black chess knight
à¿;0xfce;2;0;0;-2;tibetan sign rdel nag rdel dkar
ğŸ“ ;0x1f4e0;0;2;0;0;fax machine
ğŸ‘˜;0x1f458;0;0;2;2;kimono
â†™;0x2199;0;0;2;2;south west arrow
â’»;0x24bb;0;1;1;1;circled latin capital letter f
â“Œ;0x24cc;0;1;1;1;circled latin capital letter w
â“…;0x24c5;0;1;1;1;circled latin capital letter p
ğŸ•‘;0x1f551;0;1;1;1;clock face two oclock
ğŸ’½;0x1f4bd;0;1;0;0;minidisc
ğŸ•›;0x1f55b;0;0;1;1;clock face twelve oclock
ğŸ«;0x1f3ab;0;1;0;0;ticket
â™ˆ;0x2648;1;0;0;-1;aries
ğŸ“Ÿ;0x1f4df;0;1;0;0;pager
â„ƒ;0x2103;0;1;0;0;degree celsius
â†¬;0x21ac;0;0;1;1;rightwards arrow with loop
ğŸ•’;0x1f552;0;1;0;0;clock face three oclock
ğŸ‡°;0x1f1f0;0;1;0;0;regional indicator symbol letter k
â†±;0x21b1;0;1;0;0;upwards arrow with tip rightwards
âœ;0x270d;0;0;1;1;writing hand
â‡;0x21d0;0;1;0;0;leftwards double arrow
ğŸ¦;0x1f3e6;0;0;1;1;bank
ğŸ”»;0x1f53b;0;0;1;1;down-pointing red triangle
â“Ÿ;0x24df;0;0;1;1;circled latin small letter p
â“•;0x24d5;0;0;1;1;circled latin small letter f
â“˜;0x24d8;0;0;1;1;circled latin small letter i
â™¿;0x267f;0;0;1;1;wheelchair symbol
â‡—;0x21d7;0;0;1;1;north east double arrow
â‡˜;0x21d8;0;0;1;1;south east double arrow
â“¨;0x24e8;0;0;1;1;circled latin small letter y
â“™;0x24d9;0;0;1;1;circled latin small letter j
â–«;0x25ab;0;0;1;1;white small square
ğŸ”‡;0x1f507;0;0;1;1;speaker with cancellation stroke
âŒƒ;0x2303;1;0;0;-1;up arrowhead
ğŸ”–;0x1f516;0;0;1;1;bookmark
ğŸ“œ;0x1f4dc;0;0;1;1;scroll
â™;0x264f;0;1;0;0;scorpius
ğŸš;0x1f69d;0;0;1;1;monorail
â˜¢;0x2622;0;1;0;0;radioactive sign
ğŸ;0x1f38f;0;1;0;0;carp streamer
â”˜;0x2518;1;0;0;-1;box drawings light up and left
âœ;0x271d;1;0;0;-1;latin cross
â–;0x2756;0;1;0;0;black diamond minus white x
â£;0x2363;1;0;0;-1;apl functional symbol star diaeresis
ğŸ“®;0x1f4ee;1;0;0;-1;postbox
ğŸ••;0x1f555;1;0;0;-1;clock face six oclock
ğŸ‡­;0x1f1ed;0;1;0;0;regional indicator symbol letter h
â—œ;0x25dc;0;1;0;0;upper left quadrant circular arc
ğŸ”¯;0x1f52f;0;0;1;1;six pointed star with middle dot
â¸;0x27b8;0;0;1;1;heavy black-feathered rightwards arrow
ê’µ;0xa4b5;0;0;1;1;yi radical jjy
ğŸ•¥;0x1f565;1;0;0;-1;clock face ten-thirty
â™™;0x2659;0;1;0;0;white chess pawn
â–¿;0x25bf;0;1;0;0;white down-pointing small triangle
âšƒ;0x2683;0;1;0;0;die face-4
âœ½;0x273d;0;0;1;1;heavy teardrop-spoked asterisk
ğŸ“¼;0x1f4fc;0;0;1;1;videocassette
ğŸ•;0x1f550;1;0;0;-1;clock face one oclock
ğŸ€„;0x1f004;0;0;1;1;mahjong tile red dragon
âœ¾;0x273e;0;1;0;0;six petalled black and white florette
âœ¬;0x272c;0;0;1;1;black centre white star
ğŸ†‘;0x1f191;0;1;0;0;squared cl
âœ«;0x272b;0;0;1;1;open centre black star
ğŸ•”;0x1f554;1;0;0;-1;clock face five oclock
â£;0x2763;0;0;1;1;heavy heart exclamation mark ornament
â±;0x27b1;0;1;0;0;notched upper right-shadowed white rightwards arrow
ğŸ†•;0x1f195;0;1;0;0;squared new
â¢;0x27a2;0;1;0;0;three-d top-lighted rightwards arrowhead
â†•;0x2195;0;1;0;0;up down arrow
ğŸ“«;0x1f4eb;0;0;1;1;closed mailbox with raised flag
ğŸ‰;0x1f250;0;0;1;1;circled ideograph advantage
â™Š;0x264a;0;1;0;0;gemini
ğŸˆ‚;0x1f202;1;0;0;-1;squared katakana sa
ğŸ°;0x1f3b0;1;0;0;-1;slot machine
Ò‚;0x482;1;0;0;-1;cyrillic thousands sign
â•¤;0x2564;1;0;0;-1;box drawings down single and horizontal double
â›;0x279b;0;1;0;0;drafting point rightwards arrow
â™;0x265d;0;1;0;0;black chess bishop
â‹;0x274b;0;1;0;0;heavy eight teardrop-spoked propeller asterisk
âœ†;0x2706;0;1;0;0;telephone location sign
ğŸ“”;0x1f4d4;0;0;1;1;notebook with decorative cover